tmdbID,imdbID
406990,tt1536537
874299,tt15005868
568124,tt2953050
97020,tt1234721
346698,tt1517268
800497,tt9288692
502356,tt6718170
522931,tt8385148
608,tt0120912
365222,tt2888046
122,tt0167260
222671,tt2312262
616037,tt10648342
21379,tt0387658
660,tt0059800
667538,tt5090568
537059,tt8752474
730840,tt12851396
1924,tt0078346
50619,tt1324999
14830,tt0910865
863,tt0120363
15359,tt1186373
371638,tt3521126
1648,tt0096928
299534,tt4154796
2330,tt0152930
1830,tt0399295
367735,tt5069564
16577,tt0375568
697843,tt12263384
1427,tt0396171
300669,tt4160708
888,tt0109813
339792,tt3137630
18239,tt1259571
280217,tt3513498
767,tt0417741
13053,tt0397892
23437,tt1179056
9870,tt0800039
41733,tt1231583
628917,tt9059704
93456,tt1690953
411,tt0363771
22538,tt0446029
89,tt0097576
29427,tt0455407
515001,tt2584384
230896,tt3221698
11024,tt0331632
1127846,tt27443713
924,tt0363547
505642,tt9114286
343611,tt3393786
657,tt0057076
10009,tt0328880
624860,tt10838180
437109,tt6777338
299537,tt4154664
335787,tt1464335
324857,tt4633694
393345,tt3280262
207703,tt2802144
718789,tt10298810
68718,tt1853728
829280,tt14641788
747188,tt14230388
98566,tt1291150
9992,tt0344854
10192,tt0892791
8247,tt0489099
10527,tt0479952
14161,tt1190080
671,tt0241527
301528,tt1979376
180299,tt2265171
20760,tt0457993
9739,tt0106697
82675,tt1397280
376659,tt4651520
395,tt0370263
102382,tt1872181
9531,tt0086393
487670,tt7167658
404368,tt5848272
1724,tt0800080
8536,tt0081573
308531,tt3949660
20533,tt1075747
315162,tt3915174
1576,tt0120804
666243,tt11657662
834,tt0401855
928344,tt17076046
453395,tt9419884
203801,tt1638355
754,tt0119094
268896,tt2557478
315837,tt1219827
4108,tt0293662
270946,tt1911658
6519,tt0377818
10647,tt0223897
942,tt0097733
503125,tt7390588
51497,tt1596343
91314,tt2109248
27205,tt1375666
68721,tt1300854
22,tt0325980
205321,tt2724064
10191,tt0892769
375262,tt5083738
340102,tt4682266
542,tt0313196
343668,tt4649466
210577,tt2267998
539517,tt9177882
9928,tt0358082
238713,tt3079380
1089,tt0102685
587792,tt9484998
62211,tt1453405
591275,tt9701942
166426,tt1790809
618354,tt11079116
280,tt0103064
189,tt0458481
474395,tt7424200
744,tt0092099
37931,tt1470023
766,tt0106308
9473,tt0158983
345887,tt3766354
402200,tt2123516
1422,tt0407887
37472,tt1386932
1572,tt0112864
646,tt0055928
4513,tt0389722
23631,tt0985694
168259,tt2820852
210479,tt2692904
246655,tt3385516
2109,tt0120812
762511,tt13433082
675353,tt12412888
96826,tt2290147
341012,tt3960412
623491,tt11024272
46529,tt1464540
9502,tt0441773
447404,tt5884052
59859,tt1650554
109428,tt1288558
501929,tt7979580
324552,tt4425200
667216,tt10365998
713704,tt13345606
12445,tt1201607
81005,tt1351685
396830,tt4356698
1359,tt0144084
8467,tt0109686
8355,tt1080016
569094,tt9362722
10012,tt0257516
1417,tt0457430
41154,tt1409024
564,tt0120616
11474,tt0080120
18360,tt1078912
411736,tt5973626
428078,tt1571234
316727,tt4094724
516329,tt7740510
561,tt0360486
447332,tt6644200
523777,tt7133686
259316,tt3183660
269149,tt2948356
43074,tt1289401
10681,tt0910970
1656,tt0386140
400106,tt5519340
7249,tt0471711
61791,tt1318514
1542,tt0151804
100402,tt1843866
12,tt0266543
9522,tt0396269
49524,tt0790736
524434,tt9032400
398978,tt1302006
419704,tt2935510
353081,tt4912910
11282,tt0366551
2486,tt0449010
288036,tt3165612
8363,tt0829482
559,tt0413300
1003580,tt22769820
27022,tt0963966
76170,tt1430132
62214,tt1142977
37834,tt1013743
846867,tt15090124
920,tt0317219
120,tt0120737
10771,tt0290095
49530,tt1637688
602211,tt10310140
457335,tt6902676
1927,tt0286716
110415,tt1706620
177572,tt2245084
4327,tt0160127
10014,tt0089686
260514,tt3606752
747,tt0365748
51540,tt1499658
512196,tt8155288
45162,tt1673430
209112,tt2975590
4247,tt0175142
500664,tt6499752
1593,tt0477347
10195,tt0800369
206647,tt2379713
1694,tt0089885
9342,tt0120746
6477,tt0952640
56292,tt1229238
52520,tt1496025
7737,tt0432021
9532,tt0195714
1124,tt0482571
493529,tt2906216
447365,tt6791350
10982,tt0443536
379170,tt3845232
957,tt0094012
123025,tt2313197
55465,tt1268799
183011,tt2820466
177271,tt2465238
523638,tt6372694
2493,tt0093779
393,tt0378194
324852,tt3469046
949423,tt18925334
72190,tt0816711
8273,tt0328828
10664,tt1245112
26505,tt0940657
313297,tt4302938
847,tt0096446
505600,tt1489887
290859,tt6450804
5876,tt0884328
242582,tt2872718
2978,tt0097428
68726,tt1663662
107985,tt1213663
33555,tt1522835
11187,tt0103956
21683,tt0346578
99861,tt2395427
217,tt0367882
948,tt0077651
245891,tt2911666
11674,tt0115433
177677,tt2381249
72331,tt1611224
9738,tt0120667
588228,tt9777666
760104,tt13560574
11544,tt0275847
11459,tt0405325
718930,tt12593682
531309,tt7752126
46838,tt1465522
297802,tt1477834
574060,tt8368408
166428,tt2386490
579047,tt3272066
188621,tt1941478
427641,tt2231461
791155,tt14001894
16871,tt1127180
534,tt0438488
635731,tt11003218
809,tt0298148
455980,tt2854926
13655,tt1055366
555604,tt1488589
424783,tt4701182
61537,tt1697851
585,tt0198781
8913,tt0098084
1891,tt0080684
36586,tt0187738
547016,tt7556122
913290,tt15791034
57158,tt1170358
823754,tt14544192
42684,tt1564585
956,tt0317919
944,tt0122151
5559,tt0389790
580489,tt7097896
156022,tt0455944
36668,tt0376994
4233,tt0120082
2105,tt0163651
1865,tt1298650
12437,tt0834001
752623,tt13320622
559969,tt9243946
330459,tt3748528
9533,tt0289765
60304,tt1428538
7451,tt0295701
24,tt0266697
294254,tt4046784
456740,tt2274648
77174,tt1623288
10882,tt0053285
68728,tt1623205
342917,tt4729754
401981,tt2873282
353486,tt2283362
593643,tt9764362
115,tt0118715
44912,tt1133985
62213,tt1077368
420809,tt4777008
10331,tt0063350
17654,tt1136608
672,tt0295297
9659,tt0079501
10131,tt0095742
605116,tt7550000
77950,tt1860353
654974,tt11012066
19908,tt1156398
375588,tt4532826
238636,tt2975578
346672,tt3717252
591274,tt9701940
285,tt0449088
16237,tt0816671
400160,tt4823776
37735,tt1282140
471474,tt7167630
769281,tt13444348
49538,tt1270798
668,tt0064757
576845,tt9639470
505026,tt7657566
49521,tt0770828
7446,tt0942385
22259,tt1473345
1735,tt0859163
530915,tt8579674
26388,tt1462758
321528,tt4324274
558,tt0316654
101907,tt1325753
762504,tt10954984
62177,tt1217209
59387,tt0289408
10072,tt0093629
14756,tt1220719
71676,tt1071875
9543,tt0473075
40662,tt1569923
508965,tt4729430
49529,tt0401729
373571,tt3741700
10764,tt0830515
2501,tt0258463
169,tt0100403
6466,tt0329101
287947,tt0448115
4964,tt0478311
64688,tt1232829
8285,tt0831887
38575,tt1155076
218,tt0088247
44264,tt1403865
20504,tt1037705
49049,tt1343727
1930,tt0948470
7191,tt1060277
9339,tt0389860
313369,tt3783958
80321,tt1277953
283995,tt3896198
106,tt0093773
1734,tt0209163
118340,tt2015381
460465,tt0293429
339967,tt4680182
274857,tt1972591
335977,tt1462764
408647,tt6315800
605,tt0242653
35,tt0462538
36557,tt0381061
420426,tt5979872
2080,tt0458525
634649,tt10872600
172385,tt2357291
379291,tt5091548
399055,tt5580390
509967,tt8106534
59115,tt1699231
779782,tt2935622
283366,tt1935859
445571,tt2704998
14160,tt1049413
4256,tt0306047
648579,tt11291274
1813,tt0118971
76726,tt1706593
8839,tt0112642
512200,tt7975244
78,tt0083658
755,tt0116367
6637,tt0465234
9637,tt0267913
696806,tt2463208
133805,tt1939659
9740,tt0212985
1052507,tt23318056
8961,tt0172156
103269,tt2224455
142061,tt2166834
955,tt0120755
136400,tt1272878
2048,tt0343818
310,tt0315327
17445,tt1384590
419430,tt5052448
335983,tt1270797
50646,tt1570728
10196,tt0938283
214756,tt2637276
545611,tt6710474
591273,tt6566576
588,tt0384537
14919,tt0106364
526896,tt5108870
87101,tt1340138
756999,tt7144666
76163,tt1764651
119450,tt2103281
49519,tt0481499
1250,tt0259324
8844,tt0113497
11451,tt0400497
637649,tt11083552
17074,tt0169590
9360,tt0118615
30675,tt1483025
617502,tt10228134
973164,tt19885626
529203,tt2850386
102651,tt1587310
590223,tt2222042
13812,tt1082868
25642,tt1327701
493922,tt7784604
1893,tt0120915
42949,tt0940656
9986,tt0413895
50544,tt1632708
6479,tt0480249
263115,tt3315342
9556,tt0099365
420821,tt3513500
32657,tt0814255
13885,tt0408236
14574,tt0914798
296,tt0181852
65291,tt1683043
675,tt0373889
58,tt0383574
195589,tt2004420
98,tt0172495
335984,tt1856101
738652,tt5748448
415,tt0118688
9334,tt0277296
8960,tt0448157
249070,tt2679042
1538,tt0369339
369192,tt4622512
2334,tt0295721
854,tt0110475
1995,tt0146316
76600,tt1630029
438631,tt1160419
575264,tt9603212
700391,tt12261776
4234,tt0134084
1894,tt0121765
7131,tt0338526
18164,tt0417385
533642,tt8663516
739990,tt10521144
476669,tt6856242
76338,tt1981115
277,tt0320691
2059,tt0368891
97,tt0084827
602,tt0116629
390043,tt1959563
408220,tt2494376
736069,tt13804084
680,tt0110912
11,tt0076759
297556,tt3878542
10137,tt0164912
19323,tt0800226
49526,tt1547234
11253,tt0411477
258489,tt0918940
11665,tt0425061
348350,tt3778644
52449,tt1284575
629176,tt5500218
604,tt0234215
884605,tt15671028
508947,tt8097030
9982,tt0371606
76341,tt1392190
15357,tt1247640
382322,tt4853102
338967,tt1560220
899112,tt12003946
425,tt0268380
640,tt0264464
603,tt0133093
12279,tt0338459
181812,tt2527338
33427,tt1587414
762,tt0071853
1979,tt0486576
1738,tt0435705
10315,tt0432283
268,tt0096895
474350,tt7349950
511817,tt5181830
217993,tt3060952
2171,tt0243655
10895,tt0032910
346648,tt4468740
537055,tt8752498
479455,tt2283336
384018,tt6806448
137106,tt1490017
607,tt0119654
80280,tt1649444
277834,tt3521164
9488,tt0287717
49047,tt1454468
11230,tt0080179
223702,tt1700841
15805,tt0143127
194662,tt2562232
1895,tt0121766
290250,tt3799694
3050,tt0118998
22832,tt1186367
41446,tt1262416
22855,tt1398941
399579,tt0437086
11836,tt0345950
23483,tt1250777
453405,tt1025100
9741,tt0217869
787,tt0356910
270303,tt3235888
124905,tt0831387
281338,tt3450958
399566,tt5034838
953,tt0351283
254128,tt2126355
436969,tt6334354
2335,tt0804540
14836,tt0327597
330457,tt4520988
165,tt0096874
3049,tt0109040
2787,tt0134847
10693,tt0046183
351460,tt1241317
458156,tt6146586
9377,tt0091042
324849,tt4116284
22894,tt1038686
4232,tt0117571
4248,tt0257106
140300,tt2267968
2268,tt0385752
274862,tt3014284
10214,tt0362165
23082,tt1058017
565,tt0298130
30061,tt1494772
11186,tt0099253
346910,tt3829266
187,tt0401792
38356,tt1399103
763285,tt4998632
127585,tt1877832
8408,tt0088993
603692,tt10366206
49013,tt1216475
2332,tt0183869
10808,tt0240462
361743,tt1745960
121,tt0167261
454626,tt3794354
339964,tt2239822
492188,tt7653254
20352,tt1323594
9335,tt0388482
82702,tt1646971
271110,tt3498820
414,tt0112462
135397,tt0369610
9615,tt0463985
64690,tt0780504
63686,tt1667903
501979,tt1086064
402900,tt5164214
8373,tt1055369
10501,tt0138749
562,tt0095016
64328,tt1204342
225886,tt1956620
71679,tt1855325
122917,tt2310332
47964,tt1606378
8920,tt0356634
581997,tt9775360
629542,tt8115900
58574,tt1515091
584,tt0322259
157336,tt0816692
1858,tt0418279
934433,tt17663992
72105,tt1637725
272,tt0372784
927,tt0087363
11249,tt0387575
187017,tt2294449
19325,tt0369281
2300,tt0117705
206487,tt2397535
440021,tt5308322
299536,tt4154756
447200,tt5758778
71689,tt1825918
2502,tt0372183
658,tt0058150
537061,tt10515852
425104,tt5953880
16000,tt1037011
862491,tt15248702
618355,tt10985510
887357,tt20192230
1273,tt0453556
546554,tt8946378
1571,tt0337978
10054,tt0227538
57089,tt0844993
894205,tt17061910
167032,tt2230358
804150,tt14209916
46195,tt1436562
244001,tt3210258
9495,tt0109506
69735,tt1672723
337404,tt3228774
137113,tt1631867
752,tt0434409
524047,tt7737786
503736,tt0993840
374720,tt5013056
550988,tt6264654
9737,tt0112442
14648,tt0354836
188927,tt2660888
810,tt0413267
566525,tt9376612
879540,tt15523010
320288,tt6565702
40805,tt0990407
37724,tt1074638
661374,tt11564570
550,tt0137523
27576,tt0944835
497582,tt7846844
10215,tt0120148
56590,tt1699114
9479,tt0107688
325348,tt3072482
4638,tt0425112
1577,tt0318627
2789,tt0296572
49026,tt1345836
188161,tt2557490
954,tt0117060
326,tt0417148
9486,tt0274166
274,tt0102926
140607,tt2488496
196,tt0099088
315635,tt2250912
1771,tt0458339
774752,tt13623136
49051,tt0903624
10957,tt0088814
8329,tt1038988
1892,tt0086190
138832,tt1723121
339403,tt3890160
48138,tt1401152
181808,tt2527336
10007,tt0437179
90,tt0086960
9509,tt0328107
581392,tt8850222
703771,tt12876132
35791,tt1220634
82690,tt1772341
138103,tt2333784
10546,tt0115986
772,tt0104431
527774,tt5109280
807,tt0114369
16234,tt0233298
508439,tt7146812
338953,tt4123432
10198,tt0780521
396535,tt5700672
364,tt0103776
116149,tt1109624
1003579,tt24223450
412117,tt5113040
338952,tt4123430
522938,tt1206885
1573,tt0099423
336843,tt4500922
105,tt0088763
557,tt0145487
800345,tt21237030
433945,tt5815944
9806,tt0317705
76589,tt2027128
13335,tt0481536
242643,tt3139086
328111,tt2709768
64682,tt1343092
10138,tt1228705
8681,tt0936501
673,tt0304141
808,tt0126029
363088,tt5095030
366924,tt4870838
9480,tt0287978
180,tt0181689
20526,tt1104001
536554,tt8760708
6957,tt0405422
7299,tt0238380
251519,tt3139072
41513,tt0472181
438799,tt4530422
54138,tt1408101
345940,tt4779682
24021,tt1325004
417859,tt0448694
166076,tt2617456
2770,tt0252866
13183,tt0409459
423204,tt6189022
325133,tt4438848
76493,tt1645170
601,tt0083866
9874,tt0090859
13475,tt0796366
19585,tt0436339
10159,tt0327850
260513,tt3606756
10330,tt0322330
75612,tt1483013
102899,tt0478970
121856,tt2094766
10193,tt0435761
429617,tt6320628
1452,tt0348150
327418,tt4437640
736074,tt14402926
567609,tt7798634
323027,tt4324302
639933,tt11138512
333339,tt1677720
941,tt0093409
75780,tt0790724
36648,tt0359013
19901,tt0433362
1649,tt0101452
640146,tt10954600
293167,tt3731562
545609,tt8936646
13455,tt0465580
449924,tt2076298
16320,tt0379786
71668,tt1714203
429200,tt4846232
87,tt0087469
508943,tt12801262
771,tt0099785
10160,tt0097981
438148,tt5113044
618344,tt11079148
9799,tt0232500
254,tt0360717
10996,tt0243585
38700,tt1502397
12444,tt0926084
1954,tt0289879
87421,tt1411250
302946,tt2140479
20077,tt0472219
512195,tt7991608
7555,tt0462499
556901,tt10548944
681,tt0066995
4474,tt0465624
764,tt0083907
17473,tt0368226
341013,tt2406566
22970,tt1259521
42941,tt1320304
211672,tt2293640
240832,tt2872732
499701,tt7547410
36658,tt0290334
725201,tt1649418
12405,tt1010048
13640,tt0934706
351286,tt4881806
254473,tt1430612
862,tt0114709
736073,tt14324650
11683,tt0418819
8831,tt0111438
44833,tt1440129
329,tt0107290
13387,tt1129442
10045,tt0414852
284053,tt3501632
961323,tt19500164
1584,tt0332379
12207,tt0111512
11411,tt0094074
500,tt0105236
11932,tt0144120
27578,tt1320253
551804,tt10919380
305470,tt3717490
643586,tt8114980
667,tt0062512
82992,tt1905041
38055,tt1001526
1368,tt0083944
539681,tt8912936
520763,tt8332922
674,tt0330373
27581,tt1386588
943,tt0104714
18224,tt0471588
624932,tt10810424
3131,tt0217505
198663,tt1790864
19064,tt0089730
537056,tt8752440
13647,tt0903135
331,tt0163025
765,tt0092991
11284,tt0101917
414906,tt1877830
570670,tt1051906
13804,tt1013752
381288,tt4972582
11970,tt0119282
39514,tt1245526
74,tt0407304
458723,tt6857112
24428,tt0848228
246741,tt3416742
49444,tt1302011
2062,tt0382932
1726,tt0371746
1996,tt0325703
450465,tt6823368
1271,tt0416449
293660,tt1431045
383498,tt5463162
8966,tt1099212
310131,tt4263482
10020,tt0101414
8909,tt0493464
615457,tt7888964
709631,tt9100018
97370,tt1441395
8587,tt0110357
244458,tt1567437
10336,tt0120177
286217,tt3659388
579974,tt8178634
497698,tt3480822
107,tt0208092
601844,tt10314450
766507,tt11866324
36657,tt0120903
475557,tt7286456
6589,tt0467110
109445,tt2294629
508442,tt2948372
158015,tt2184339
419479,tt4225622
9358,tt0309593
9286,tt0414982
877269,tt10298840
153,tt0335266
496243,tt6751668
408,tt0029583
10674,tt0120762
571,tt0056869
15512,tt0892782
284054,tt1825683
284052,tt1211837
329865,tt2543164
10201,tt1068680
8814,tt0419706
155,tt0468569
354912,tt2380307
19995,tt0499549
31162,tt1569364
94329,tt1899353
443791,tt5774060
150540,tt2096673
259761,tt3605002
882598,tt15474916
10545,tt0116583
18785,tt1119646
44896,tt1192628
1637,tt0111257
346364,tt1396484
812,tt0103639
9392,tt0435625
333371,tt1179933
384521,tt2548396
170,tt0289043
1562,tt0463854
36647,tt0120611
1487,tt0167190
8068,tt0112851
106747,tt2002718
9362,tt0100814
11069,tt0114720
10829,tt0259685
10891,tt0334541
339530,tt4180514
31967,tt1401113
282035,tt2345759
10838,tt0367677
10577,tt0219653
315011,tt4262980
1040148,tt27155038
1093247,tt27141610
1003581,tt27687527
949,tt0113277
